Location,CellNo,VoltMean,ResistMean,TempMean
24th Street Station,1,2.290775280898875,0.28494382022471865,22.85224719101125
24th Street Station,2,2.27267415730337,0.2784775280898878,23.009550561797745
24th Street Station,3,2.280539325842696,0.2731067415730336,22.78202247191013
24th Street Station,4,2.2584550561797743,0.30478089887640414,22.71629213483146
24th Street Station,5,2.2916573033707843,0.3810337078651686,22.757865168539333
24th Street Station,6,2.2835819209039556,0.23974011299435008,23.063841807909597
24th Street Station,7,2.2639943502824855,0.23743502824858748,22.709604519774004
24th Street Station,8,2.2832372881355942,0.26203389830508494,22.675706214689257
24th Street Station,9,2.2885112359550543,0.32575280898876435,22.75449438202247
24th Street Station,10,2.280050561797753,0.29587078651685367,23.09382022471909
24th Street Station,11,2.276101123595504,0.25250000000000017,22.876966292134846
24th Street Station,12,2.2962640449438214,0.33884269662921396,22.884269662921355
24th Street Station,13,2.28341011235955,0.27824157303370733,22.821910112359564
24th Street Station,14,2.272623595505617,0.23612359550561798,22.554494382022472
24th Street Station,15,2.277949152542372,0.3301355932203393,22.729943502824863
24th Street Station,16,2.263090395480226,0.2538926553672318,22.96327683615819
24th Street Station,17,2.2574606741573002,0.30550561797752773,22.88089887640451
24th Street Station,18,2.2848483146067413,0.27990449438202225,22.99719101123596
24th Street Station,19,2.281662921348314,0.2773089887640444,22.82359550561798
24th Street Station,20,2.2701853932584273,0.3198483146067418,22.812921348314607
24th Street Station,21,2.2587808988764038,0.24016292134831455,22.966292134831477
24th Street Station,22,2.2807344632768354,0.23904519774011287,23.014689265536724
24th Street Station,23,2.2813050847457625,0.23672881355932182,23.08361581920903
24th Street Station,24,2.2743841807909595,0.25538418079096065,22.659322033898295
24th Street Station,25,2.277797752808987,0.588387640449438,22.956741573033707
24th Street Station,26,2.2818314606741565,0.23791011235955012,23.021348314606737
24th Street Station,27,2.272426966292134,0.23636516853932568,23.015730337078644
24th Street Station,28,2.2810337078651677,0.2672640449438199,22.944382022471924
24th Street Station,29,2.28688202247191,0.2618707865168543,23.19606741573034
24th Street Station,30,2.2645141242937843,0.37121468926553663,23.145762711864414
24th Street Station,31,2.2660056497175116,0.2519152542372881,22.884180790960453
24th Street Station,32,2.265604519774009,0.2608587570621471,23.28531073446328
24th Street Station,33,2.2770280898876405,0.25495505617977543,22.901685393258436
24th Street Station,34,2.262106741573033,0.24135955056179773,22.95337078651685
24th Street Station,35,2.267550561797752,0.44251685393258394,22.930898876404484
24th Street Station,36,2.2684044943820196,0.2712415730337082,22.978651685393242
24th Street Station,37,2.2543707865168523,0.2823876404494377,22.899438202247197
24th Street Station,38,2.2739378531073458,0.24357627118644093,23.019209039548016
24th Street Station,39,2.2666384180790944,0.27576271186440715,22.991525423728802
24th Street Station,40,2.263265536723162,0.2792090395480227,23.085310734463267
24th Street Station,41,2.2578651685393236,0.27847752808988746,23.255617977528086
24th Street Station,42,2.267112359550561,0.291162921348314,23.048876404494376
24th Street Station,43,2.2745617977528085,0.28637078651685366,23.374719101123596
24th Street Station,44,2.2561235955056156,0.29753932584269643,23.01853932584268
24th Street Station,45,2.255213483146068,0.25914044943820236,22.882022471910098
24th Street Station,46,2.266584269662921,0.27139325842696677,22.930898876404477
24th Street Station,47,2.2547514124293784,0.23769491525423692,23.51920903954802
24th Street Station,48,2.2764632768361572,0.27759887005649775,22.993220338983047
24th Street Station,49,2.2885617977528083,0.3087640449438202,22.55786516853933
24th Street Station,50,2.2677191011235944,0.33381460674157337,22.646067415730343
24th Street Station,51,2.263629213483145,0.26199999999999996,22.894943820224704
24th Street Station,52,2.274196629213482,0.2846123595505611,22.887640449438198
24th Street Station,53,2.2826797752808985,0.2654157303370788,22.840449438202242
24th Street Station,54,2.258910112359549,0.24601685393258382,22.727528089887652
24th Street Station,55,2.260265536723162,0.27335593220339016,22.092090395480227
24th Street Station,56,2.2680451977401126,0.24637288135593177,22.44858757062147
24th Street Station,57,2.2631853932584276,0.24341011235955026,22.408426966292126
24th Street Station,58,2.288494382022473,0.24230898876404483,22.510674157303377
24th Street Station,59,2.2854887640449446,0.2379213483146065,22.541011235955054
24th Street Station,60,2.2430674157303376,0.2404213483146066,22.635955056179764
Balboa Park Station,1,2.1982471910112364,0.2305730337078656,23.709550561797755
Balboa Park Station,2,2.1997584269662913,0.2603202247191013,24.03202247191011
Balboa Park Station,3,2.2352921348314614,0.271662921348315,24.017977528089887
Balboa Park Station,4,2.223747191011236,0.2988707865168536,23.433146067415727
Balboa Park Station,5,2.2383146067415725,0.25325842696629214,23.92977528089887
Balboa Park Station,6,2.230297752808988,0.3824887640449438,24.112359550561802
Balboa Park Station,7,2.220595505617977,0.2435561797752809,24.009550561797745
Balboa Park Station,8,2.227361581920905,0.24746327683615804,23.821468926553674
Balboa Park Station,9,2.190280898876404,0.2809494382022464,24.079213483146074
Balboa Park Station,10,2.1982752808988777,0.2854775280898873,23.963483146067414
Balboa Park Station,11,2.201988764044944,0.365926966292135,24.23033707865167
Balboa Park Station,12,2.191410112359549,0.29439325842696623,24.11067415730338
Balboa Park Station,13,2.222213483146068,0.22985393258426975,23.753932584269656
Balboa Park Station,14,2.2177191011235977,0.2219157303370786,23.914044943820222
Balboa Park Station,15,2.222774011299436,0.26575706214689276,24.272881355932196
Balboa Park Station,16,2.2172937853107353,0.49580790960452026,24.632203389830515
Balboa Park Station,17,2.214494382022471,0.30021910112359484,24.11685393258428
Balboa Park Station,18,2.2319101123595524,0.26428651685393234,24.035955056179787
Balboa Park Station,19,2.200331460674158,0.2705,23.758988764044936
Balboa Park Station,20,2.2306910112359555,0.27758988764044906,23.92078651685394
Balboa Park Station,21,2.226393258426968,0.42188202247190965,24.039325842696645
Balboa Park Station,22,2.2060898876404518,0.2777977528089894,24.436516853932584
Balboa Park Station,23,2.220225988700565,0.2679717514124293,24.35254237288136
Balboa Park Station,24,2.2035367231638423,0.28051977401129924,24.692090395480236
Balboa Park Station,25,2.222331460674158,0.2609438202247194,24.492134831460667
Balboa Park Station,26,2.2132752808988783,0.37826404494382054,24.175280898876412
Balboa Park Station,27,2.2119775280898866,0.24241573033707844,24.265730337078647
Balboa Park Station,28,2.2152078651685394,0.2570280898876405,24.27303370786517
Balboa Park Station,29,2.213258426966292,0.2981741573033707,24.42191011235956
Balboa Park Station,30,2.2157134831460668,0.2661235955056181,24.528651685393264
Balboa Park Station,31,2.2194382022471912,0.41742696629213577,24.419101123595507
Balboa Park Station,32,2.1945028248587586,0.2799943502824856,24.527118644067798
Balboa Park Station,33,2.2027078651685392,0.23062359550561815,24.582584269662917
Balboa Park Station,34,2.2237471910112374,0.23120224719101146,24.437078651685383
Balboa Park Station,35,2.22588764044944,0.25803370786516877,24.379213483146057
Balboa Park Station,36,2.227814606741574,0.4297696629213479,24.308988764044933
Balboa Park Station,37,2.2155112359550544,0.2615112359550566,24.373033707865165
Balboa Park Station,38,2.2002584269662924,0.2410280898876403,23.825842696629213
Balboa Park Station,39,2.204595505617977,0.2520842696629216,24.40337078651685
Balboa Park Station,40,2.2068135593220344,0.2623163841807909,24.846327683615836
Balboa Park Station,41,2.2055449438202235,0.30930337078651726,24.564606741573034
Balboa Park Station,42,2.2076179775280904,0.2718876404494385,24.68595505617976
Balboa Park Station,43,2.198617977528089,0.2724325842696634,24.461797752808998
Balboa Park Station,44,2.206544943820226,0.27639887640449456,24.27865168539326
Balboa Park Station,45,2.2614887640449437,0.648674157303371,24.346629213483144
Balboa Park Station,46,2.250584269662922,0.20871910112359543,24.328089887640452
Balboa Park Station,47,2.25152808988764,0.2095393258426967,24.19831460674157
Balboa Park Station,48,2.2556384180790974,0.2376553672316384,24.54463276836159
Balboa Park Station,49,2.2067584269662914,0.2702471910112362,24.39101123595506
Balboa Park Station,50,2.2115955056179786,0.2761067415730337,24.005617977528086
Balboa Park Station,51,2.209567415730339,0.370955056179775,24.79101123595506
Balboa Park Station,52,2.213168539325843,0.2487865168539331,24.144943820224714
Balboa Park Station,53,2.2084438202247196,0.2558258426966295,24.595505617977544
Balboa Park Station,54,2.2011179775280887,0.22699438202247169,24.066853932584266
Balboa Park Station,55,2.210370786516855,0.23302808988764045,24.885955056179753
Balboa Park Station,56,2.2072994350282493,0.40076836158192064,24.407909604519773
Balboa Park Station,57,2.220606741573035,0.29207303370786486,24.270786516853946
Balboa Park Station,58,2.209831460674159,0.26449999999999996,24.148876404494377
Balboa Park Station,59,2.2064606741573027,0.2796123595505622,24.006741573033693
Balboa Park Station,60,2.209061797752809,0.2505224719101121,24.402808988764058
Bay Fair Station,1,2.2642921348314604,0.22499438202247202,20.092134831460676
Bay Fair Station,2,2.262449438202245,0.23139887640449439,19.63539325842697
Bay Fair Station,3,2.258197740112994,0.23297740112994403,19.528248587570612
Bay Fair Station,4,2.2688305084745743,0.2573615819209043,19.68418079096046
Bay Fair Station,5,2.2630847457627112,0.3468022598870054,19.667231638418084
Bay Fair Station,6,2.263977401129943,0.2018248587570621,19.540112994350288
Bay Fair Station,7,2.2729661016949154,0.21576271186440665,19.681355932203395
Bay Fair Station,8,2.2697344632768366,0.2055423728813556,19.677966101694913
Bay Fair Station,9,2.2679831460674147,0.25082022471910076,19.751685393258423
Bay Fair Station,10,2.272999999999999,0.35971348314606644,20.209550561797744
Bay Fair Station,11,2.26175842696629,0.2480842696629219,20.07247191011236
Bay Fair Station,12,2.2626384180790944,0.2630338983050855,19.950282485875704
Bay Fair Station,13,2.270638418079098,0.19366666666666682,19.612994350282484
Bay Fair Station,14,2.27885310734463,0.2112881355932206,19.594915254237293
Bay Fair Station,15,2.277587570621467,0.20338418079096043,19.659322033898302
Bay Fair Station,16,2.2687062146892636,0.2573389830508475,19.997175141242945
Bay Fair Station,17,2.26663483146067,0.24998314606741573,19.63876404494382
Bay Fair Station,18,2.272662921348314,0.22316853932584224,19.750561797752813
Bay Fair Station,19,2.2629265536723144,0.22457062146892656,19.71694915254236
Bay Fair Station,20,2.288322033898303,0.2630847457627113,19.823728813559324
Bay Fair Station,21,2.2676892655367205,0.3426836158192087,19.99943502824859
Bay Fair Station,22,2.2663728813559323,0.23093785310734455,19.909604519774014
Bay Fair Station,23,2.270220338983052,0.23541807909604545,19.716384180790964
Bay Fair Station,24,2.268435028248585,0.21728248587570623,20.1
Bay Fair Station,25,2.2670561797752806,0.32399438202247194,20.12640449438202
Bay Fair Station,26,2.2700000000000005,0.3380677966101699,19.752542372881354
Bay Fair Station,27,2.2758474576271173,0.25838418079096126,20.00056497175141
Bay Fair Station,28,2.2659717514124282,0.2302655367231639,20.08079096045199
Bay Fair Station,29,2.266909604519773,0.24671186440677995,20.206779661016938
Bay Fair Station,30,2.266734463276836,0.22273446327683588,19.8271186440678
Bay Fair Station,31,2.2751242937853107,0.34585875706214675,20.123163841807912
Bay Fair Station,32,2.264050847457625,0.2505762711864401,20.038418079096044
Bay Fair Station,33,2.272028089887639,0.2444101123595507,20.11966292134831
Bay Fair Station,34,2.2670898876404473,0.22746067415730264,20.087640449438204
Bay Fair Station,35,2.2646067415730315,0.2571573033707866,19.8320224719101
Bay Fair Station,36,2.26912429378531,0.36340677966101625,19.905084745762707
Bay Fair Station,37,2.2721525423728806,0.30532203389830553,19.965536723163854
Bay Fair Station,38,2.272949152542372,0.25044067796610164,20.19943502824858
Bay Fair Station,39,2.2684802259887005,0.2392259887005651,19.77853107344633
Bay Fair Station,40,2.2743502824858752,0.275768361581921,20.028248587570612
Bay Fair Station,41,2.2667471910112336,0.33729775280898905,19.839325842696642
Bay Fair Station,42,2.271067415730339,0.22767415730337068,20.055617977528094
Bay Fair Station,43,2.270314606741571,0.22462921348314607,19.89382022471909
Bay Fair Station,44,2.2695932203389826,0.23554802259887034,19.95932203389832
Bay Fair Station,45,2.2638418079096034,0.2677909604519772,19.932203389830505
Bay Fair Station,46,2.2665875706214673,0.2809322033898308,20.1813559322034
Bay Fair Station,47,2.2782824858757054,0.21796045197740174,20.020338983050863
Bay Fair Station,48,2.265050847457625,0.22392090395480257,20.032768361581915
Bay Fair Station,49,2.263955056179773,0.2246685393258435,20.05280898876405
Bay Fair Station,50,2.2689157303370773,0.2201573033707862,20.161235955056178
Bay Fair Station,51,2.2851694915254215,0.37243502824858776,20.037288135593208
Bay Fair Station,52,2.268508474576269,0.21120338983050857,20.148587570621466
Bay Fair Station,53,2.2659152542372865,0.24072316384180753,19.93333333333333
Bay Fair Station,54,2.271231638418079,0.2176949152542378,20.042937853107333
Bay Fair Station,55,2.269700564971752,0.2565480225988699,20.13672316384182
Bay Fair Station,56,2.270412429378532,0.22450847457627127,20.128248587570624
Bay Fair Station,57,2.2670515463917518,0.24719587628865985,18.579381443298963
Bay Fair Station,58,2.2669278350515465,0.2234432989690722,18.758762886597935
Bay Fair Station,59,2.2622164948453616,0.2190103092783504,18.85567010309278
Bay Fair Station,60,2.2713645833333316,0.22137500000000032,18.61770833333333
Civic Center Station,1,2.263740112994348,0.4711299435028243,25.702259887005656
Civic Center Station,2,2.2567118644067783,0.41753107344632734,25.77627118644067
Civic Center Station,3,2.26093220338983,0.4978192090395482,25.44689265536723
Civic Center Station,4,2.2657740112994347,0.483457627118644,25.387570621468925
Civic Center Station,5,2.2681638418079095,0.3897796610169498,25.14124293785311
Civic Center Station,6,2.264694915254236,0.4142485875706214,25.364406779661017
Civic Center Station,7,2.270423728813559,0.4322372881355933,25.316384180790955
Civic Center Station,8,2.2622542372881354,0.45280225988700584,25.48474576271187
Civic Center Station,9,2.2587966101694903,0.39159887005649735,25.30282485875706
Civic Center Station,10,2.2575197740112993,0.4077740112994347,25.944067796610167
Civic Center Station,11,2.2590734463276827,0.4116949152542373,25.7180790960452
Civic Center Station,12,2.25328813559322,0.38523163841807956,25.638418079096052
Civic Center Station,13,2.2621807909604508,0.39685310734463297,25.39491525423729
Civic Center Station,14,2.2607231638418073,0.4206101694915255,25.16949152542373
Civic Center Station,15,2.266644067796609,0.4602881355932199,25.07005649717515
Civic Center Station,16,2.2679830508474574,0.4009604519774012,25.25310734463277
Civic Center Station,17,2.261644067796609,0.4054406779661015,25.358192090395477
Civic Center Station,18,2.263491525423727,0.4072033898305084,25.272881355932203
Civic Center Station,19,2.261751412429376,0.4051977401129942,25.874011299435022
Civic Center Station,20,2.2587740112994346,0.39264971751412425,26.020903954802264
Civic Center Station,21,2.2560847457627125,0.42314124293785305,26.086440677966102
Civic Center Station,22,2.2612033898305084,0.4166892655367231,25.6864406779661
Civic Center Station,23,2.252209039548023,0.39285875706214707,25.872316384180788
Civic Center Station,24,2.247259887005651,0.4143728813559323,25.212994350282486
Civic Center Station,25,2.2633276836158185,0.4375480225988699,24.576836158192087
Civic Center Station,26,2.260920903954801,0.4412824858757063,25.25423728813559
Civic Center Station,27,2.2614745762711848,0.43788135593220323,25.236723163841805
Civic Center Station,28,2.2627005649717495,0.42251412429378554,25.45875706214689
Civic Center Station,29,2.2613672316384164,0.42683615819209064,25.759322033898293
Civic Center Station,30,2.2643502824858737,0.4309039548022596,25.67062146892656
Civic Center Station,31,2.2647005649717493,0.4876440677966096,25.914124293785306
Civic Center Station,32,2.2642033898305067,0.41002824858757086,25.583050847457642
Civic Center Station,33,2.2447005649717533,0.4331751412429378,25.462711864406778
Civic Center Station,34,2.2630282485875717,0.4489548022598869,25.15819209039549
Civic Center Station,35,2.26245197740113,0.6320169491525427,24.75084745762711
Civic Center Station,36,2.2580621468926543,0.382395480225989,24.81525423728813
Civic Center Station,37,2.2596327683615813,0.4601581920903956,25.481920903954805
Civic Center Station,38,2.260898305084744,0.45781355932203416,25.453107344632762
Civic Center Station,39,2.261203389830507,0.4546836158192093,25.84519774011299
Civic Center Station,40,2.2603276836158184,0.5093220338983053,26.055367231638428
Civic Center Station,41,2.261449438202247,0.43574157303370753,26.10730337078653
Civic Center Station,42,2.2605649717514114,0.4415423728813555,25.68700564971752
Civic Center Station,43,2.2555932203389832,0.4366497175141235,25.591525423728818
Civic Center Station,44,2.25766101694915,0.42493220338983073,25.304519774011304
Civic Center Station,45,2.2629322033898305,0.6339830508474569,25.307909604519768
Civic Center Station,46,2.2669661016949134,0.4147062146892655,25.192090395480236
Civic Center Station,47,2.2648531073446323,0.42848587570621494,25.41412429378531
Civic Center Station,48,2.2574350282485884,0.4199774011299434,25.6502824858757
Civic Center Station,49,2.260966101694914,0.5145423728813565,25.59887005649718
Civic Center Station,50,2.2614406779661005,0.4375593220338984,25.61864406779659
Civic Center Station,51,2.262745762711864,0.4365819209039551,25.611299435028243
Civic Center Station,52,2.2669096045197734,0.4416045197740109,25.320338983050853
Civic Center Station,53,2.2648983050847433,0.47112429378531046,25.49887005649717
Civic Center Station,54,2.265937853107345,0.4707457627118637,25.164971751412427
Civic Center Station,55,2.263242937853107,0.4440451977401129,25.433898305084735
Civic Center Station,56,2.262898305084745,0.41812994350282495,25.148587570621476
Civic Center Station,57,2.262623853211008,0.45047706422018363,23.842201834862383
Civic Center Station,58,2.2762477064220183,0.4528440366972481,23.696330275229354
Civic Center Station,59,2.256339449541284,0.4326788990825689,24.465137614678895
Civic Center Station,60,2.264798165137614,0.4103394495412843,24.12201834862385
Daly City Station,1,2.2438514285714266,0.33691428571428594,21.017714285714288
Daly City Station,2,2.228268571428572,0.31144571428571427,20.68457142857143
Daly City Station,3,2.2401542857142864,0.32770857142857157,20.670285714285715
Daly City Station,4,2.232548571428572,0.33602285714285746,20.60914285714286
Daly City Station,5,2.238754285714285,0.5439714285714293,20.67657142857144
Daly City Station,6,2.2369142857142847,0.302422857142857,20.546857142857146
Daly City Station,7,2.2273199999999993,0.28771999999999964,20.599999999999998
Daly City Station,8,2.2441609195402306,0.30152298850574705,20.710344827586205
Daly City Station,9,2.2323657142857147,0.32232000000000033,20.88228571428572
Daly City Station,10,2.254377142857142,0.3684685714285714,20.986285714285717
Daly City Station,11,2.2450685714285723,0.33039428571428614,21.04914285714285
Daly City Station,12,2.241342857142856,0.35006285714285695,20.76457142857142
Daly City Station,13,2.259897142857142,0.32705142857142894,20.76342857142857
Daly City Station,14,2.2332971428571433,0.29996571428571395,20.71314285714285
Daly City Station,15,2.2475199999999997,0.5922171428571428,20.478857142857137
Daly City Station,16,2.24230459770115,0.3262241379310348,20.663218390804605
Daly City Station,17,2.23842857142857,0.3801657142857145,20.647428571428566
Daly City Station,18,2.235548571428571,0.2990228571428569,20.45828571428573
Daly City Station,19,2.2297828571428586,0.30573714285714265,20.789142857142856
Daly City Station,20,2.2266971428571436,0.3677428571428569,20.990285714285722
Daly City Station,21,2.247639999999999,0.32489714285714316,21.077142857142853
Daly City Station,22,2.2433657142857144,0.34094285714285716,21.015428571428572
Daly City Station,23,2.256177142857143,0.34178857142857155,20.867428571428576
Daly City Station,24,2.2428908045977014,0.31995402298850595,20.82471264367817
Daly City Station,25,2.267120000000001,0.5167542857142862,21.0902857142857
Daly City Station,26,2.258622857142858,0.2966399999999999,20.748
Daly City Station,27,2.2875714285714275,0.31465714285714286,20.93142857142857
Daly City Station,28,2.2615885714285704,0.3186685714285715,21.036
Daly City Station,29,2.2425314285714295,0.3275028571428574,20.931428571428572
Daly City Station,30,2.250937142857143,0.4009085714285717,21.050285714285707
Daly City Station,31,2.2416057142857135,0.35090285714285735,21.134285714285713
Daly City Station,32,2.2369252873563212,0.32180459770114955,21.064367816091952
Daly City Station,33,2.232188571428571,0.3031085714285713,20.941714285714273
Daly City Station,34,2.243325714285715,0.30085142857142816,20.832571428571434
Daly City Station,35,2.236165714285713,0.43561714285714237,20.65257142857143
Daly City Station,36,2.2398571428571428,0.31545142857142866,20.774857142857147
Daly City Station,37,2.253239999999999,0.3223771428571431,21.373142857142863
Daly City Station,38,2.243679999999999,0.2982857142857143,20.948000000000015
Daly City Station,39,2.242718390804598,0.3076666666666666,20.98563218390804
Daly City Station,40,2.2462126436781595,0.32171264367816105,21.11781609195401
Daly City Station,41,2.211137142857143,0.32588571428571456,21.16457142857142
Daly City Station,42,2.2249600000000003,0.3158685714285715,21.142285714285713
Daly City Station,43,2.2162399999999995,0.3261371428571426,20.94399999999999
Daly City Station,44,2.2224685714285712,0.31621142857142864,20.5217142857143
Daly City Station,45,2.157908571428571,0.3147428571428569,20.74742857142857
Daly City Station,46,2.1658457142857155,1.6822171428571424,20.397142857142843
Daly City Station,47,2.166155172413794,0.30057471264367797,20.737931034482763
Daly City Station,48,2.156172413793102,0.35951724137931035,20.931034482758626
Daly City Station,49,2.2302342857142863,0.38071428571428606,20.89942857142858
Daly City Station,50,2.224999999999999,0.37585714285714256,20.912000000000003
Daly City Station,51,2.2190742857142873,0.32030285714285683,20.97942857142857
Daly City Station,52,2.2179999999999995,0.3573200000000002,20.963428571428572
Daly City Station,53,2.2255028571428577,0.3154571428571429,20.62514285714286
Daly City Station,54,2.2371257142857153,0.3004514285714285,20.665714285714284
Daly City Station,55,2.2503028571428576,0.5240571428571422,20.74800000000001
Daly City Station,56,2.2462068965517235,0.3356034482758624,20.618965517241378
Daly City Station,57,2.166165714285715,0.33721714285714327,21.088571428571417
Daly City Station,58,2.1623314285714264,0.3435314285714282,21.087428571428568
Daly City Station,59,2.1602685714285714,0.3294971428571432,21.11257142857143
Daly City Station,60,2.170342857142858,0.47120571428571406,21.115428571428566
Daly City Station,61,2.2386971428571414,0.3194114285714285,21.226285714285712
Daly City Station,62,2.23284,0.3159142857142853,21.073142857142862
Daly City Station,63,2.217264367816091,0.307068965517241,20.943678160919543
Daly City Station,64,2.2382126436781618,0.32908620689655205,21.018965517241387
Daly City Station,65,2.24042857142857,0.5096857142857147,20.835428571428572
Daly City Station,66,2.235565714285714,0.30183999999999983,20.73714285714286
Daly City Station,67,2.2387257142857133,0.2933485714285714,20.80914285714284
Daly City Station,68,2.2211600000000007,0.36245142857142865,20.934285714285704
Daly City Station,69,2.262291428571429,0.3512228571428574,21.024571428571424
Daly City Station,70,2.2643999999999997,0.4163428571428565,21.292571428571435
Daly City Station,71,2.2650628571428597,0.3030685714285712,21.063428571428577
Daly City Station,72,2.25496551724138,0.33500574712643727,20.932183908045968
Daly City Station,73,2.142171428571427,0.3077485714285716,20.98514285714286
Daly City Station,74,2.1564114285714275,0.31265714285714274,20.848
Daly City Station,75,2.161274285714286,0.6776399999999999,20.846857142857143
Daly City Station,76,2.1604228571428585,0.3290057142857144,20.94685714285715
Daly City Station,77,2.171074285714286,0.32990285714285766,20.50114285714285
Daly City Station,78,2.1677714285714296,0.3204799999999999,20.604571428571436
Daly City Station,79,2.1840628571428566,0.31275428571428576,20.665142857142847
Daly City Station,80,2.187149425287356,0.541333333333334,20.767241379310338
Daly City Station,81,2.157508571428572,0.3656628571428574,21.132571428571406
Daly City Station,82,2.1577371428571426,0.3384457142857142,21.080571428571435
Daly City Station,83,2.1496628571428587,0.3297771428571429,20.863428571428575
Daly City Station,84,2.158382857142857,0.36719999999999964,21.036571428571417
Daly City Station,85,2.1998514285714292,0.4324,20.888571428571417
Daly City Station,86,2.198422857142857,0.3033200000000001,20.727999999999987
Daly City Station,87,2.1984228571428575,0.3269428571428576,20.841714285714286
Daly City Station,88,2.172212643678162,0.3961091954022986,21.022988505747133
Daly City Station,89,2.2342342857142863,0.32425142857142847,20.997714285714277
Daly City Station,90,2.24213142857143,0.29618285714285697,21.246285714285705
Daly City Station,91,2.234605714285714,0.800942857142857,21.136000000000006
Daly City Station,92,2.24108,0.3504914285714289,21.108000000000015
Daly City Station,93,2.2234971428571426,0.3209142857142858,20.96342857142856
Daly City Station,94,2.2255657142857155,0.3309200000000001,20.993714285714283
Daly City Station,95,2.2208285714285725,0.4147885714285714,20.799999999999994
Daly City Station,96,2.219241379310345,0.32535632183908036,20.555747126436792
Daly City Station,97,2.26232,0.3184514285714286,20.57371428571429
Daly City Station,98,2.257371428571426,0.3507942857142855,20.926857142857138
Daly City Station,99,2.2651199999999996,0.3107599999999997,20.972000000000012
Daly City Station,100,2.2559085714285714,0.33104571428571455,20.959428571428564
Daly City Station,101,2.1862857142857135,0.33700000000000024,20.90114285714286
Daly City Station,102,2.1778057142857143,0.34134857142857167,21.03828571428572
Daly City Station,103,2.1850799999999992,0.464691428571428,20.76342857142856
Daly City Station,104,2.18756,0.3514571428571426,20.807999999999996
Daly City Station,105,2.209754285714286,0.3642171428571427,20.61942857142855
Daly City Station,106,2.2112685714285725,0.3163428571428572,20.608000000000004
Daly City Station,107,2.2052057142857153,0.3002685714285713,20.767999999999986
Daly City Station,108,2.213514285714287,0.3348628571428574,21.008571428571432
Daly City Station,109,2.2709999999999995,0.33060747663551376,19.705607476635514
Daly City Station,110,2.27218691588785,0.3512710280373831,19.931775700934576
Daly City Station,111,2.273065420560747,0.3280373831775702,19.81775700934579
Daly City Station,112,2.2686037735849056,0.3411886792452829,19.75
Daly City Station,113,2.1781886792452827,0.3347452830188676,19.80471698113208
Daly City Station,114,2.1637943925233647,0.30902803738317747,19.63831775700934
Daly City Station,115,2.1794392523364494,0.8955046728971955,19.550467289719624
Daly City Station,116,2.1909158878504673,0.33044859813084115,19.512149532710275
Daly City Station,117,2.2968785046728977,0.332056074766355,19.39999999999999
Daly City Station,118,2.272495327102803,0.3178785046728976,19.696261682242998
Daly City Station,119,2.2785420560747665,0.3197757009345794,19.741121495327107
Daly City Station,120,2.2796509433962258,0.4526792452830193,19.860377358490563
Daly City Station,121,2.28166355140187,0.3987383177570095,19.779439252336445
Daly City Station,122,2.274644859813084,0.3256915887850469,19.644859813084118
Daly City Station,123,2.2850934579439253,0.31584112149532717,19.426168224299065
Daly City Station,124,2.2814485981308414,0.3300747663551402,19.474766355140183
Daly City Station,125,2.1836168224299057,0.7317757009345796,19.689719626168227
Daly City Station,126,2.184457943925234,0.31369158878504677,19.597196261682242
Daly City Station,127,2.19088785046729,0.299429906542056,19.729906542056074
Daly City Station,128,2.1825188679245278,0.3195094339622643,19.968867924528304
Daly City Station,129,2.1796355140186914,0.3256542056074769,19.765420560747653
Daly City Station,130,2.1841121495327105,0.4575607476635515,19.988785046728978
Daly City Station,131,2.1845700934579444,0.39602803738317754,20.157943925233646
Daly City Station,132,2.1803271028037385,0.3579719626168226,19.759813084112142
Daly City Station,133,2.1722616822429908,0.3186261682242991,19.623364485981316
Daly City Station,134,2.1666261682242993,0.3194766355140189,19.71308411214953
Daly City Station,135,2.1812429906542055,0.31614018691588786,19.508411214953277
Daly City Station,136,2.171990566037736,7.234650943396225,19.619811320754728
Daly City Station,137,2.178514018691589,0.33857009345794403,19.787850467289708
Daly City Station,138,2.1841121495327105,0.3717383177570091,19.876635514018687
Daly City Station,139,2.191261682242991,0.34706542056074763,19.8214953271028
Daly City Station,140,2.181757009345795,0.38091588785046754,20.21214953271028
Daly City Station,141,2.284999999999999,0.33779439252336446,20.042056074766364
Daly City Station,142,2.281925233644859,0.30667289719626156,19.953271028037374
Daly City Station,143,2.2911028037383168,0.3435887850467289,19.77196261682242
Daly City Station,144,2.2946792452830187,0.3285188679245282,19.133018867924537
Daly City Station,145,2.1764205607476628,0.36169158878504665,19.65140186915887
Daly City Station,146,2.1763925233644867,0.2967383177570094,19.23831775700934
Daly City Station,147,2.1751775700934575,0.3134859813084113,19.546728971962615
Daly City Station,148,2.168093457943925,0.33645794392523354,19.604672897196256
Daly City Station,149,2.228710280373832,0.35976635514018696,19.699065420560768
Daly City Station,150,2.225476635514017,0.4999158878504674,20.16355140186916
Daly City Station,151,2.231794392523363,0.4013551401869161,19.60654205607476
Daly City Station,152,2.2226132075471696,0.3264245283018869,19.899056603773584
Daly City Station,153,2.28314953271028,0.34665420560747684,20.089719626168236
Daly City Station,154,2.291971962616822,0.3080934579439252,19.90654205607477
Daly City Station,155,2.28626168224299,0.3255887850467289,19.78317757009346
Daly City Station,156,2.2925981308411205,0.3651775700934579,19.92616822429907
Daly City Station,157,2.3173177570093464,0.3385327102803736,20.08411214953271
Daly City Station,158,2.318485981308412,0.32142056074766345,20.22990654205607
Daly City Station,159,2.314747663551402,0.3346448598130841,19.95420560747663
Daly City Station,160,2.3129811320754716,0.3555754716981134,19.84056603773585
Daly City Station,161,2.209000000000001,0.5610093457943929,19.963551401869157
Daly City Station,162,2.2115700934579436,0.32544859813084137,20.045794392523362
Daly City Station,163,2.1991121495327097,0.32763551401869173,19.888785046728966
Daly City Station,164,2.215626168224299,0.34652336448598126,19.85046728971962
Daly City Station,165,2.29570093457944,0.4169065420560747,19.66355140186915
Daly City Station,166,2.323355140186917,0.42146728971962616,20.113084112149537
Daly City Station,167,2.3146698113207553,0.3395471698113206,19.809433962264148
Daly City Station,168,2.303575471698113,0.3350660377358491,19.87358490566037
Daly City Station,169,2.219869158878504,0.3314392523364486,19.465420560747656
Daly City Station,170,2.20114953271028,0.36972897196261684,19.838317757009353
Daly City Station,171,2.217448598130841,0.5926355140186917,19.637383177570097
Daly City Station,172,2.2088411214953276,0.3512616822429908,19.61214953271028
Daly City Station,173,2.30003738317757,0.3515981308411216,19.381308411214945
Daly City Station,174,2.2834953271028033,0.314429906542056,19.55794392523365
Daly City Station,175,2.297373831775702,0.4169719626168227,19.58691588785047
Daly City Station,176,2.321877358490565,0.3576132075471698,19.76415094339622
Daly City Station,177,2.2731428571428576,0.35475,20.996428571428567
Daly City Station,178,2.2653214285714283,0.3008571428571429,21.135714285714283
Daly City Station,179,2.2660357142857146,0.31921428571428573,21.267857142857142
Daly City Station,180,2.2928928571428573,0.35464285714285726,21.574999999999996
Daly City Yard,1,2.253943502824858,0.2977740112994346,19.425423728813566
Daly City Yard,2,2.249350282485877,0.2996497175141239,19.21468926553672
Daly City Yard,3,2.2562768361581913,0.3003389830508474,19.190395480225984
Daly City Yard,4,2.2594971751412425,0.3212994350282488,19.170621468926548
Daly City Yard,5,2.2647102272727273,0.3104715909090908,18.812500000000004
Daly City Yard,6,2.2722840909090896,0.30379545454545437,19.227840909090904
Daly City Yard,7,2.266437499999999,0.2954318181818181,19.098863636363635
Daly City Yard,8,2.262227272727271,0.3097840909090909,20.134090909090904
Daly City Yard,9,2.255152542372881,0.32307909604519813,19.203954802259872
Daly City Yard,10,2.2579378531073435,0.3676497175141241,19.61751412429379
Daly City Yard,11,2.2619830508474568,0.29759322033898317,19.599435028248582
Daly City Yard,12,2.257401129943503,0.31859322033898313,19.56666666666667
Daly City Yard,13,2.253607954545452,0.30068181818181783,19.452272727272746
Daly City Yard,14,2.260124999999998,0.2857102272727268,19.51420454545456
Daly City Yard,15,2.257272727272726,0.26332386363636373,19.258522727272723
Daly City Yard,16,2.2552045454545455,0.3075965909090906,18.93522727272726
Daly City Yard,17,2.281372881355931,0.3786440677966101,18.811299435028253
Daly City Yard,18,2.278271186440676,0.32894915254237334,19.254802259886997
Daly City Yard,19,2.274531073446327,0.31184180790960453,19.19774011299434
Daly City Yard,20,2.2775593220338983,0.34362146892655404,19.384180790960453
Daly City Yard,21,2.247096590909092,0.27659659090909083,19.60738636363636
Daly City Yard,22,2.249164772727273,0.28681818181818175,19.909659090909088
Daly City Yard,23,2.248642045454545,0.27917613636363614,19.69431818181819
Daly City Yard,24,2.251028409090909,0.30462499999999987,19.392045454545446
Daly City Yard,25,2.2538022598870073,0.34475706214689256,18.803389830508472
Daly City Yard,26,2.2525480225988708,0.28090395480225994,18.844067796610158
Daly City Yard,27,2.253649717514124,0.3015988700564969,18.96158192090396
Daly City Yard,28,2.253706214689267,0.3187627118644072,19.28079096045198
Daly City Yard,29,2.2537499999999997,0.347045454545454,19.38636363636364
Daly City Yard,30,2.2574886363636373,0.30638068181818157,19.855113636363633
Daly City Yard,31,2.257392045454545,0.3011590909090908,19.544318181818188
Daly City Yard,32,2.2533522727272706,0.3308011363636366,19.59090909090909
Daly City Yard,33,2.256581920903953,0.29105649717514087,18.744067796610175
Daly City Yard,34,2.256259887005649,0.2770677966101695,18.970621468926556
Daly City Yard,35,2.2557514124293774,0.15476836158192095,18.97062146892655
Daly City Yard,36,2.2590397727272706,0.3162613636363638,18.873863636363637
Daly City Yard,37,2.2651988636363627,0.314380681818182,19.239772727272733
Daly City Yard,38,2.2661874999999987,0.3053977272727273,19.373863636363634
Daly City Yard,39,2.2582386363636378,0.28736931818181793,19.572159090909086
Daly City Yard,40,2.262999999999999,0.4378295454545454,19.907386363636363
Daly City Yard,41,2.2454011299435046,0.30358192090395464,19.646327683615812
Daly City Yard,42,2.255005649717514,0.3284180790960456,19.761016949152545
Daly City Yard,43,2.2521977401129942,0.31268926553672305,18.91016949152542
Daly City Yard,44,2.251757062146892,0.34270056497175094,19.076836158192076
Daly City Yard,45,2.2579829545454553,0.31147159090909105,19.207386363636378
Daly City Yard,46,2.2575568181818184,0.2961022727272726,19.176704545454548
Daly City Yard,47,2.260585227272726,0.30606249999999985,19.415340909090904
Daly City Yard,48,2.257528409090908,0.2987784090909088,19.305681818181824
Daly City Yard,49,2.249175141242938,0.32615254237288155,19.977966101694914
Daly City Yard,50,2.2474745762711885,0.24966666666666681,20.11355932203389
Daly City Yard,51,2.2533863636363627,0.2870170454545451,19.78352272727273
Daly City Yard,52,2.248374999999999,0.31851136363636384,19.52784090909091
Daly City Yard,53,2.2561477272727264,0.30634659090909083,19.444886363636353
Daly City Yard,54,2.2554034090909068,0.28888068181818144,18.79886363636364
Daly City Yard,55,2.253051136363636,0.19866477272727276,18.928977272727266
Daly City Yard,56,2.2548068181818164,0.3148352272727272,19.16363636363637
Daly City Yard,57,2.2188192090395473,0.32162146892655397,19.130508474576274
Daly City Yard,58,2.2214576271186446,0.31088700564971744,19.303389830508486
Daly City Yard,59,2.214723163841807,0.311090395480226,19.439548022598878
Daly City Yard,60,2.2183615819209024,0.2870395480225985,19.50508474576272
Hayward Yard,1,2.2612282608695646,0.26474999999999993,16.018478260869564
Hayward Yard,2,2.2653043478260866,0.2819130434782606,15.139130434782606
Hayward Yard,3,2.265847826086955,0.277521739130435,15.213043478260872
Hayward Yard,4,2.271956521739129,0.29829347826086944,14.807608695652178
Hayward Yard,5,2.275978260869565,0.27520652173913057,14.899999999999997
Hayward Yard,6,2.27120652173913,0.339423913043478,15.095652173913043
Hayward Yard,7,2.245652173913045,0.2677499999999999,14.961956521739127
Hayward Yard,8,2.267521739130433,0.27543478260869575,15.205434782608695
Hayward Yard,9,2.2666739130434768,0.28002173913043465,15.505434782608695
Hayward Yard,10,2.263282608695653,0.3196630434782609,15.790217391304346
Hayward Yard,11,2.2395978260869565,0.3911847826086953,15.816304347826087
Hayward Yard,12,2.2710217391304335,0.3182391304347824,15.721739130434779
Hayward Yard,13,2.2723586956521715,0.26841304347826095,15.270652173913044
Hayward Yard,14,2.269847826086958,0.23958695652173911,15.008695652173913
Hayward Yard,15,2.2765108695652168,0.24256521739130452,15.036956521739128
Hayward Yard,16,2.27916304347826,0.29244565217391316,15.000000000000005
Hayward Yard,17,2.26686956521739,0.1934021739130436,15.371739130434776
Hayward Yard,18,2.267054347826086,0.31694565217391313,15.583695652173914
Hayward Yard,19,2.269619565217391,0.3090326086956523,15.927173913043477
Hayward Yard,20,2.238228260869565,0.29059782608695656,15.991304347826087
Hayward Yard,21,2.2504999999999997,0.3635326086956524,15.980434782608699
Hayward Yard,22,2.276532608695652,0.2998586956521737,15.414130434782608
Hayward Yard,23,2.2843695652173897,0.3019130434782608,15.395652173913039
Hayward Yard,24,2.2832065217391286,0.3301521739130434,15.136956521739135
Hayward Yard,25,2.276967391304348,0.2668369565217392,14.816304347826078
Hayward Yard,26,2.27954347826087,0.11095652173913041,14.90652173913044
Hayward Yard,27,2.2693913043478267,0.2757826086956524,15.060869565217388
Hayward Yard,28,2.26661956521739,0.266760869565217,15.22173913043478
Hayward Yard,29,2.263358695652175,0.3469239130434784,15.3945652173913
Hayward Yard,30,2.260913043478259,0.32147826086956555,15.692391304347826
Hayward Yard,31,2.2418913043478255,0.3790108695652174,15.616304347826087
Hayward Yard,32,2.2502608695652184,0.32360869565217387,15.748913043478264
Hayward Yard,33,2.2728043478260855,0.2845652173913042,15.636956521739135
Hayward Yard,34,2.2658695652173892,0.2453586956521739,15.264130434782611
Hayward Yard,35,2.2671956521739123,0.24426086956521764,15.495652173913049
Hayward Yard,36,2.266923913043477,0.27397826086956506,14.934782608695661
Hayward Yard,37,2.2707826086956513,0.30856521739130416,15.088043478260872
Hayward Yard,38,2.2648043478260864,0.28083695652173873,15.604347826086958
Hayward Yard,39,2.255021739130433,0.27761956521739106,15.773913043478261
Hayward Yard,40,2.265576086956521,0.3065652173913045,15.842391304347828
Hayward Yard,41,2.273750000000001,0.2008369565217391,16.346739130434788
Hayward Yard,42,2.253402173913042,0.2763369565217394,15.85652173913044
Hayward Yard,43,2.2721956521739117,0.27499999999999974,15.302173913043482
Hayward Yard,44,2.2695217391304343,0.2979565217391304,15.247826086956522
Hayward Yard,45,2.2797500000000004,0.28696739130434806,15.595652173913043
Hayward Yard,46,2.2671413043478252,0.3340434782608694,15.2
Hayward Yard,47,2.267989130434783,0.24820652173913055,15.493478260869571
Hayward Yard,48,2.2558695652173912,0.2862717391304349,15.5804347826087
Hayward Yard,49,2.2552065217391295,0.29302173913043494,15.810869565217402
Hayward Yard,50,2.2477717391304344,0.28569565217391346,16.004347826086956
Hayward Yard,51,2.2707282608695634,0.35046739130434784,16.15
Hayward Yard,52,2.2564130434782617,0.2825326086956522,15.976086956521737
Hayward Yard,53,2.2708369565217383,0.2839347826086956,15.49021739130435
Hayward Yard,54,2.271391304347824,0.25320652173913044,15.332608695652167
Hayward Yard,55,2.2656195652173907,0.23271739130434763,15.143478260869562
Hayward Yard,56,2.265402173913043,0.4400543478260871,14.97826086956522
Hayward Yard,57,2.254934782608695,0.27903260869565205,15.458695652173919
Hayward Yard,58,2.267902173913044,0.29553260869565245,15.194565217391302
Hayward Yard,59,2.25175,0.27059782608695654,15.691304347826081
Hayward Yard,60,2.2642717391304337,0.26401086956521763,15.866304347826093
Lafayette Station,1,2.262039325842696,0.291758426966292,20.351685393258425
Lafayette Station,2,2.2637528089887624,0.3238426966292137,20.11292134831461
Lafayette Station,3,2.2573932584269643,0.291679775280899,20.06516853932584
Lafayette Station,4,2.2672078651685372,0.3261235955056181,20.10505617977529
Lafayette Station,5,2.264423728813557,0.027124293785310716,20.12768361581921
Lafayette Station,6,2.261378531073446,0.2851073446327679,20.211299435028252
Lafayette Station,7,2.2659887005649706,0.2801694915254234,20.158757062146897
Lafayette Station,8,2.2638757062146895,0.3009548022598866,20.2774011299435
Lafayette Station,9,2.2628033707865156,0.3611853932584268,20.332584269662917
Lafayette Station,10,2.2612191011235936,0.30729775280898847,20.403932584269654
Lafayette Station,11,2.258325842696628,0.31478651685393283,20.69494382022473
Lafayette Station,12,2.258576271186438,0.3411242937853105,20.48926553672317
Lafayette Station,13,2.2602768361581917,0.30107344632768324,20.450847457627123
Lafayette Station,14,2.2672711864406767,0.2897005649717514,20.24802259887005
Lafayette Station,15,2.2655028248587574,0.284813559322034,20.157627118644072
Lafayette Station,16,2.261711864406778,0.2980169491525421,20.253107344632763
Lafayette Station,17,2.270511235955054,0.3451123595505614,20.12022471910114
Lafayette Station,18,2.26396629213483,0.30580898876404483,20.370786516853922
Lafayette Station,19,2.259786516853932,0.3044325842696628,20.35955056179774
Lafayette Station,20,2.255932203389829,0.2592824858757065,20.64802259887007
Lafayette Station,21,2.2620621468926543,0.3205310734463281,20.749152542372894
Lafayette Station,22,2.266836158192089,0.33507344632768443,20.51186440677966
Lafayette Station,23,2.270090395480225,0.3352259887005648,20.538418079096047
Lafayette Station,24,2.2717118644067784,0.36083050847457554,20.350847457627097
Lafayette Station,25,2.2601797752808976,0.3163876404494382,20.25224719101123
Lafayette Station,26,2.267348314606738,0.2948370786516854,20.246629213483146
Lafayette Station,27,2.2659775280898855,0.3228370786516859,20.40168539325842
Lafayette Station,28,2.2672203389830496,0.3083672316384182,20.549152542372894
Lafayette Station,29,2.252186440677964,0.34159887005649753,20.57401129943503
Lafayette Station,30,2.25883615819209,0.34151412429378525,20.694915254237312
Lafayette Station,31,2.2629152542372886,0.3096949152542372,20.870056497175135
Lafayette Station,32,2.2602824858757073,0.3509152542372877,20.458192090395485
Lafayette Station,33,2.26543820224719,0.3304325842696634,20.343258426966266
Lafayette Station,34,2.2652640449438177,0.3030674157303369,20.450561797752812
Lafayette Station,35,2.264629213483145,0.19296067415730342,20.203370786516857
Lafayette Station,36,2.2660621468926543,0.3057118644067795,20.384745762711866
Lafayette Station,37,2.2705254237288126,0.3323163841807906,20.277966101694922
Lafayette Station,38,2.2692824858757064,0.3036610169491525,20.27740112994351
Lafayette Station,39,2.272395480225989,0.30682485875706195,20.24802259887005
Lafayette Station,40,2.273124293785309,0.2871977401129944,20.3593220338983
Lafayette Station,41,2.2626685393258423,0.28835955056179785,20.475280898876417
Lafayette Station,42,2.2629775280898867,0.2962921348314603,20.34101123595505
Lafayette Station,43,2.2620449438202233,0.30426966292134827,20.252247191011225
Lafayette Station,44,2.264455056179774,0.3143314606741577,20.228089887640458
Lafayette Station,45,2.2620790960451957,0.2960790960451979,20.29887005649716
Lafayette Station,46,2.2604406779661006,0.2511468926553672,20.484180790960444
Lafayette Station,47,2.2577514124293776,0.2999322033898303,20.456497175141227
Lafayette Station,48,2.26020338983051,0.30223163841807876,20.42033898305083
Lafayette Station,49,2.261758426966291,0.3415561797752805,20.298876404494393
Lafayette Station,50,2.25967415730337,0.23575842696629223,20.57977528089889
Lafayette Station,51,2.2607303370786513,0.2671966292134835,20.4303370786517
Lafayette Station,52,2.2612359550561787,0.3229550561797759,20.460112359550564
Lafayette Station,53,2.269271186440675,0.331887005649718,20.1322033898305
Lafayette Station,54,2.2649774011299426,0.2826610169491528,20.15084745762711
Lafayette Station,55,2.269661016949152,0.22323163841807897,20.191525423728812
Lafayette Station,56,2.267909604519772,0.3089943502824858,20.35762711864408
Lafayette Station,57,2.274445454545453,0.3375272727272726,18.08545454545456
Lafayette Station,58,2.275154545454545,0.2977545454545453,17.989090909090912
Lafayette Station,59,2.2800181818181815,0.31025454545454567,18.181818181818176
Lafayette Station,60,2.2787706422018346,0.31340366972477063,18.18532110091742
Lake Merritt Station,1,2.2615561797752814,0.30091011235955,20.64382022471909
Lake Merritt Station,2,2.2634606741573036,0.3238426966292141,20.41966292134832
Lake Merritt Station,3,2.255779661016947,0.3129999999999999,20.286440677966116
Lake Merritt Station,4,2.2630903954802255,0.3145762711864411,20.36610169491527
Lake Merritt Station,5,2.264423728813559,0.32524293785310776,20.362711864406794
Lake Merritt Station,6,2.2607966101694923,0.302627118644068,20.47853107344631
Lake Merritt Station,7,2.264468926553671,0.3144180790960456,20.44011299435028
Lake Merritt Station,8,2.2631525423728807,0.32829943502824865,20.323728813559335
Lake Merritt Station,9,2.2623988764044944,0.3488764044943818,20.333707865168556
Lake Merritt Station,10,2.2568146067415706,0.2911235955056174,20.426966292134825
Lake Merritt Station,11,2.254887640449437,0.3156404494382024,20.356179775280907
Lake Merritt Station,12,2.2588079096045197,0.3330169491525426,20.41299435028249
Lake Merritt Station,13,2.258632768361582,0.3114519774011299,20.311299435028268
Lake Merritt Station,14,2.2606666666666673,0.2999039548022596,20.16327683615821
Lake Merritt Station,15,2.260819209039549,0.2809435028248581,20.266666666666673
Lake Merritt Station,16,2.2568983050847424,0.20844632768361587,20.210169491525434
Lake Merritt Station,17,2.268073033707861,0.3230224719101127,20.36123595505617
Lake Merritt Station,18,2.265977528089886,0.29735955056179697,20.42134831460674
Lake Merritt Station,19,2.270559322033899,0.31616384180790946,20.712429378531077
Lake Merritt Station,20,2.2571977401129923,0.30808474576271166,20.457627118644062
Lake Merritt Station,21,2.260389830508474,0.35051977401129913,20.38587570621469
Lake Merritt Station,22,2.268225988700562,0.3581525423728812,20.39322033898306
Lake Merritt Station,23,2.2650960451977378,0.343841807909604,20.45141242937852
Lake Merritt Station,24,2.2723502824858746,0.35964971751412395,20.41525423728814
Lake Merritt Station,25,2.2619269662921355,0.3035056179775284,20.25842696629214
Lake Merritt Station,26,2.2624831460674146,0.3199325842696636,20.174719101123607
Lake Merritt Station,27,2.259005617977528,0.33090449438202213,20.35
Lake Merritt Station,28,2.2601751412429385,0.35023163841807775,20.43898305084745
Lake Merritt Station,29,2.2569152542372852,0.3710564971751412,20.579096045197744
Lake Merritt Station,30,2.259949152542372,0.3458418079096043,20.825423728813547
Lake Merritt Station,31,2.2594237288135592,0.32519774011299407,20.960451977401114
Lake Merritt Station,32,2.2543841807909595,0.3251525423728815,20.72994350282487
Lake Merritt Station,33,2.260505617977528,0.3210955056179774,20.148314606741593
Lake Merritt Station,34,2.2601685393258415,0.2982921348314599,20.18089887640451
Lake Merritt Station,35,2.2637627118644055,0.3071920903954798,20.245762711864423
Lake Merritt Station,36,2.2632881355932186,0.30976836158192045,20.12372881355934
Lake Merritt Station,37,2.262158192090396,0.3394350282485885,20.303954802259884
Lake Merritt Station,38,2.2612711864406783,0.31852542372881393,20.512429378531053
Lake Merritt Station,39,2.2591355932203365,0.282265536723164,20.509604519773994
Lake Merritt Station,40,2.2551299435028223,0.287231638418079,20.633898305084756
Lake Merritt Station,41,2.2607921348314615,0.41934269662921364,20.49719101123597
Lake Merritt Station,42,2.2608707865168522,0.2761011235955048,20.312921348314607
Lake Merritt Station,43,2.2669943820224696,0.32646067415730423,20.198876404494385
Lake Merritt Station,44,2.266124293785308,0.32959322033898275,20.34406779661018
Lake Merritt Station,45,2.26568361581921,0.34401694915254166,20.212429378531073
Lake Merritt Station,46,2.2610338983050835,0.33774011299435075,20.205649717514135
Lake Merritt Station,47,2.2699096045197735,0.3156158192090398,20.164971751412438
Lake Merritt Station,48,2.268090395480226,0.3220112994350284,20.318079096045174
Lake Merritt Station,49,2.267191011235952,0.3276853932584269,20.14325842696627
Lake Merritt Station,50,2.2671741573033706,0.3234157303370791,20.17022471910114
Lake Merritt Station,51,2.2625730337078633,0.2925168539325836,20.101685393258435
Lake Merritt Station,52,2.2683898305084744,0.32648587570621523,19.98644067796609
Lake Merritt Station,53,2.266169491525422,0.30309039548022587,20.14915254237288
Lake Merritt Station,54,2.2712485875706205,0.3068135593220335,20.035028248587572
Lake Merritt Station,55,2.2607118644067783,0.2880338983050842,20.035593220339
Lake Merritt Station,56,2.26515254237288,0.318892655367232,19.936723163841798
Lake Merritt Station,57,2.268836363636365,0.30141818181818136,19.47727272727272
Lake Merritt Station,58,2.2748545454545472,0.3108454545454545,19.290909090909096
Lake Merritt Station,59,2.266238532110089,0.2971834862385316,19.522018348623842
Lake Merritt Station,60,2.2685229357798185,0.3166422018348621,19.600000000000005
MacArthur Station,1,2.231733333333333,0.3099888888888887,20.385000000000005
MacArthur Station,2,2.2588499999999985,0.3081666666666665,20.272222222222226
MacArthur Station,3,2.257865921787708,0.3199776536312851,20.057541899441343
MacArthur Station,4,2.2537932960893863,0.2985921787709497,20.03743016759777
MacArthur Station,5,2.2610279329608916,0.32662569832402266,19.74078212290504
MacArthur Station,6,2.2608044692737437,0.4449050279329608,19.76536312849163
MacArthur Station,7,2.2603798882681563,0.29703351955307233,19.921229050279326
MacArthur Station,8,2.263469273743016,0.3109050279329608,19.88994413407821
MacArthur Station,9,2.258044444444444,0.3013888888888889,20.145555555555553
MacArthur Station,10,2.2363055555555564,0.20029444444444436,20.09722222222223
MacArthur Station,11,2.2350558659217894,0.2958435754189943,20.31340782122905
MacArthur Station,12,2.2596759776536284,0.1984581005586593,20.06648044692738
MacArthur Station,13,2.2549162011173163,0.31231843575418994,19.68268156424581
MacArthur Station,14,2.254340782122905,0.29060893854748593,19.839664804469276
MacArthur Station,15,2.2546759776536325,0.29513966480446885,19.65363128491619
MacArthur Station,16,2.258430167597765,0.43908938547486004,19.526815642458104
MacArthur Station,17,2.2578222222222197,0.3356,20.046666666666674
MacArthur Station,18,2.2553888888888873,0.3005166666666666,20.12111111111112
MacArthur Station,19,2.256156424581004,0.30951955307262574,20.09944134078213
MacArthur Station,20,2.255162011173183,0.3278547486033521,20.42905027932961
MacArthur Station,21,2.254312849162011,0.3608491620111732,20.625698324022345
MacArthur Station,22,2.2543184357541897,0.3401564245810055,20.1536312849162
MacArthur Station,23,2.255134078212291,0.3090837988826814,20.030726256983236
MacArthur Station,24,2.2568435754189946,0.3583966480446921,20.009497206703898
MacArthur Station,25,2.2563666666666666,0.3074055555555554,19.722222222222214
MacArthur Station,26,2.2559106145251384,0.4581117318435749,19.468156424581004
MacArthur Station,27,2.260844444444444,0.3161055555555557,19.571666666666665
MacArthur Station,28,2.255016759776534,0.3286089385474864,19.83631284916201
MacArthur Station,29,2.2545251396648043,0.32098882681564267,20.191620111731844
MacArthur Station,30,2.252888268156425,0.3761564245810058,20.487709497206705
MacArthur Station,31,2.2506871508379893,0.4424972067039104,20.235754189944142
MacArthur Station,32,2.2576424581005585,0.3429664804469271,20.233519553072625
MacArthur Station,33,2.2551508379888268,0.31326815642458095,19.904469273743015
MacArthur Station,34,2.2583055555555553,0.2831388888888886,19.861111111111107
MacArthur Station,35,2.254872222222221,0.29190555555555553,19.439444444444455
MacArthur Station,36,2.256603351955308,0.4810614525139659,19.665921787709493
MacArthur Station,37,2.2515586592178765,0.31956424581005616,19.56983240223463
MacArthur Station,38,2.2562178770949712,0.3107653631284915,19.73575418994413
MacArthur Station,39,2.254083798882681,0.29696089385474816,19.809497206703913
MacArthur Station,40,2.2454134078212307,0.3256871508379892,20.029608938547483
MacArthur Station,41,2.2497888888888893,0.28230555555555514,20.10555555555555
MacArthur Station,42,2.2512777777777786,0.31123333333333336,19.94666666666666
MacArthur Station,43,2.252516666666665,0.31138333333333335,19.621666666666677
MacArthur Station,44,2.2535754189944113,0.3157709497206705,19.57541899441339
MacArthur Station,45,2.256731843575416,0.3145530726256984,19.326256983240228
MacArthur Station,46,2.254536312849163,0.3624525139664805,19.296089385474858
MacArthur Station,47,2.250374301675978,0.2773128491620112,19.402234636871505
MacArthur Station,48,2.258608938547486,0.3117988826815645,19.66145251396649
MacArthur Station,49,2.2564692737430154,0.3688659217877096,19.692737430167615
MacArthur Station,50,2.250416666666667,0.4492222222222217,19.829444444444444
MacArthur Station,51,2.2533444444444437,0.30689444444444436,-0.7772222222222213
MacArthur Station,52,2.2602849162011154,0.3546927374301673,19.768156424581008
MacArthur Station,53,2.257055865921786,0.3265474860335201,19.672067039106153
MacArthur Station,54,2.2576201117318426,0.2674525139664808,19.415083798882687
MacArthur Station,55,2.260871508379887,0.27774860335195545,19.277094972067037
MacArthur Station,56,2.25327374301676,0.4106312849162012,19.429608938547478
MacArthur Station,57,2.2591388888888866,0.3334222222222228,19.384444444444433
MacArthur Station,58,2.2583055555555522,0.3184722222222225,19.53777777777779
MacArthur Station,59,2.257927777777778,0.2999055555555552,19.493333333333343
MacArthur Station,60,2.2531620111731825,0.27001117318435724,20.062569832402225
Oakland Transition Structure,1,2.2547627118644042,0.42976271186440695,19.777401129943488
Oakland Transition Structure,2,2.26257627118644,0.4363446327683612,19.434463276836162
Oakland Transition Structure,3,2.256418079096041,0.45429943502824877,19.602259887005644
Oakland Transition Structure,4,2.260621468926554,0.4714745762711864,19.699999999999996
Oakland Transition Structure,5,2.250642045454544,0.4668920454545454,19.927272727272733
Oakland Transition Structure,6,2.259011363636364,0.4312159090909089,19.878977272727276
Oakland Transition Structure,7,2.254659090909087,0.4756988636363632,19.851704545454545
Oakland Transition Structure,8,2.2584431818181816,0.44390909090909114,19.922727272727283
Oakland Transition Structure,9,2.254146892655366,0.43663276836158166,19.69209039548022
Oakland Transition Structure,10,2.2468418079096053,0.4378192090395484,19.696045197740116
Oakland Transition Structure,11,2.245694915254239,0.4028022598870049,19.86836158192091
Oakland Transition Structure,12,2.2578870056497156,0.48701694915254146,19.74858757062147
Oakland Transition Structure,13,2.2540340909090886,0.4125965909090907,20.275568181818173
Oakland Transition Structure,14,2.2527784090909075,0.41842045454545534,19.84431818181819
Oakland Transition Structure,15,2.255318181818179,0.4582272727272729,19.75568181818181
Oakland Transition Structure,16,2.264028409090909,0.45435795454545463,19.855113636363644
Oakland Transition Structure,17,2.263881355932203,0.46036723163841814,19.85028248587571
Oakland Transition Structure,18,2.2593446327683617,0.4457005649717508,19.775706214689254
Oakland Transition Structure,19,2.2578248587570617,0.4644463276836156,19.8949152542373
Oakland Transition Structure,20,2.2547796610169466,0.45212429378531094,19.712994350282486
Oakland Transition Structure,21,2.2505909090909086,0.47398863636363636,20.02897727272727
Oakland Transition Structure,22,2.2596931818181814,0.47690909090909045,20.017045454545446
Oakland Transition Structure,23,2.244426136363636,0.5257499999999999,20.155681818181815
Oakland Transition Structure,24,2.2524374999999988,0.4990227272727275,20.121590909090912
Oakland Transition Structure,25,2.2486779661016962,0.497423728813559,19.867796610169503
Oakland Transition Structure,26,2.2572033898305066,0.4432542372881355,19.853672316384184
Oakland Transition Structure,27,2.2523050847457626,0.4283728813559327,19.77909604519774
Oakland Transition Structure,28,2.2551920903954765,0.45563841807909616,20.017514124293783
Oakland Transition Structure,29,2.2557329545454508,0.4480511363636365,19.9221590909091
Oakland Transition Structure,30,2.2575909090909083,1.2321306818181816,20.032386363636352
Oakland Transition Structure,31,2.2619999999999996,0.4461306818181816,20.07613636363636
Oakland Transition Structure,32,2.261522727272725,0.4640227272727262,19.92954545454546
Oakland Transition Structure,33,2.266525423728808,0.4601977401129949,20.088135593220322
Oakland Transition Structure,34,2.2634802259887006,0.4507457627118642,20.168926553672314
Oakland Transition Structure,35,2.2520112994350296,0.3427570621468921,20.15988700564971
Oakland Transition Structure,36,2.259242937853109,0.43625423728813495,20.206214689265543
Oakland Transition Structure,37,2.269823863636363,0.4147897727272729,20.02045454545454
Oakland Transition Structure,38,2.2662272727272703,0.4336136363636355,20.04204545454544
Oakland Transition Structure,39,2.2549318181818143,0.4105681818181814,19.895454545454548
Oakland Transition Structure,40,2.2601931818181824,0.4351193181818178,19.964772727272734
Oakland Transition Structure,41,2.256372881355931,0.45172881355932165,19.920903954802267
Oakland Transition Structure,42,2.259135593220339,0.42044632768361595,19.699435028248583
Oakland Transition Structure,43,2.263214689265535,0.42220338983050876,19.840677966101705
Oakland Transition Structure,44,2.2608977272727264,0.445397727272727,19.86363636363637
Oakland Transition Structure,45,2.2632102272727264,0.5377727272727276,20.277840909090916
Oakland Transition Structure,46,2.2627556818181818,0.4640170454545453,20.121590909090898
Oakland Transition Structure,47,2.2659374999999966,0.4661874999999998,20.232954545454547
Oakland Transition Structure,48,2.2622102272727265,0.5053409090909093,20.15624999999999
Oakland Transition Structure,49,2.2564124293785293,0.4742655367231639,19.962146892655362
Oakland Transition Structure,50,2.26693785310734,0.47490960451977376,20.037853107344635
Oakland Transition Structure,51,2.263135593220338,0.4621073446327674,19.91864406779661
Oakland Transition Structure,52,2.2609717514124283,0.48693220338982984,19.924293785310738
Oakland Transition Structure,53,2.2669999999999972,0.4521079545454542,19.930681818181824
Oakland Transition Structure,54,2.2661477272727253,0.43690340909090897,19.858522727272735
Oakland Transition Structure,55,2.2630113636363625,0.5107443181818184,19.744886363636375
Oakland Transition Structure,56,2.2641590909090903,0.4544602272727278,19.832386363636374
Oakland Transition Structure,57,2.2630734463276823,0.48245762711864365,19.970056497175136
Oakland Transition Structure,58,2.259960451977402,0.48388135593220255,19.989830508474572
Oakland Transition Structure,59,2.2528192090395467,0.43769491525423676,20.063841807909597
Oakland Transition Structure,60,2.2582316384180787,0.4941638418079093,19.983615819209035
Richmond Station,1,2.254357541899439,0.29284916201117317,22.826815642458104
Richmond Station,2,2.253016759776535,0.2920893854748598,22.540223463687155
Richmond Station,3,2.2409888268156446,0.28827932960893815,22.47094972067039
Richmond Station,4,2.2404134078212286,0.30203351955307234,22.50111731843575
Richmond Station,5,2.2530726256983242,0.28344134078212285,22.502234636871496
Richmond Station,6,2.247625698324025,0.3843463687150842,22.61005586592179
Richmond Station,7,2.241754189944136,0.27696648044692723,22.481005586592158
Richmond Station,8,2.2422234636871523,0.2903798882681559,22.550279329608937
Richmond Station,9,2.259513966480445,0.3009106145251392,22.591620111731853
Richmond Station,10,2.2529497206703906,0.29872625698323985,22.64692737430167
Richmond Station,11,2.254307262569831,0.3400782122905025,22.733519553072625
Richmond Station,12,2.2558938547486016,0.3022905027932951,22.821229050279324
Richmond Station,13,2.237474860335197,0.29274301675977626,22.559776536312857
Richmond Station,14,2.2421117318435764,0.28494413407821173,22.729050279329616
Richmond Station,15,2.254921787709496,0.29077653631284917,22.496648044692723
Richmond Station,16,2.248206703910615,0.3679106145251396,22.36759776536313
Richmond Station,17,2.2343407821229087,0.32949162011173244,22.59608938547486
Richmond Station,18,2.2321564245810057,0.29890502793296087,22.669832402234643
Richmond Station,19,2.2496480446927376,0.30586033519553074,22.85865921787709
Richmond Station,20,2.247189944134078,0.31322346368715054,23.13575418994413
Richmond Station,21,2.2518156424580997,0.33771508379888243,22.956424581005596
Richmond Station,22,2.251564245810055,0.3151452513966483,22.77877094972067
Richmond Station,23,2.2482625698324044,0.29219553072625676,22.830726256983247
Richmond Station,24,2.245513966480447,0.35454189944134057,22.574860335195527
Richmond Station,25,2.2449944134078224,0.31415642458100546,22.625698324022352
Richmond Station,26,2.246513966480448,0.42552513966480454,22.548603351955293
Richmond Station,27,2.23778212290503,0.2879720670391061,22.768156424581008
Richmond Station,28,2.2370000000000014,0.3253798882681567,22.727374301675972
Richmond Station,29,2.252458100558659,0.32320111731843604,22.903351955307265
Richmond Station,30,2.2525754189944123,0.2950055865921788,22.978212290502796
Richmond Station,31,2.242743016759774,0.12265363128491617,23.456424581005592
Richmond Station,32,2.247623595505619,0.30325842696629174,23.137078651685393
Richmond Station,33,2.248195530726258,0.2962234636871506,22.901675977653635
Richmond Station,34,2.2473463687150854,0.2866815642458098,22.827374301675977
Richmond Station,35,2.252558659217876,0.29203351955307244,22.837988826815646
Richmond Station,36,2.236960893854752,0.49193854748603455,22.743016759776538
Richmond Station,37,2.0934078212290497,0.3367206703910618,22.987709497206705
Richmond Station,38,2.255435754189942,0.2969999999999996,23.07039106145251
Richmond Station,39,2.2481284916201116,0.2923743016759777,23.29162011173183
Richmond Station,40,2.2527486033519555,0.297748603351955,23.411731843575428
Richmond Station,41,2.2562681564245803,0.36186033519553024,23.431843575418995
Richmond Station,42,2.255368715083799,0.29870391061452506,23.20782122905029
Richmond Station,43,2.2488547486033537,0.2939329608938548,23.170949720670393
Richmond Station,44,2.2365474860335213,0.30789944134078207,22.997206703910614
Richmond Station,45,2.2462122905027937,0.313949720670391,22.56536312849162
Richmond Station,46,2.246033519553072,0.3406089385474861,22.70167597765364
Richmond Station,47,2.2412625698324042,0.2831452513966474,22.717877094972064
Richmond Station,48,2.247977653631285,0.315508379888268,22.853631284916194
Richmond Station,49,2.2534277777777763,0.2809944444444439,23.15555555555555
Richmond Station,50,2.253229050279326,0.3277318435754195,23.258659217877106
Richmond Station,51,2.2548156424580985,0.4194804469273744,23.221229050279337
Richmond Station,52,2.2480837988826816,0.3205754189944139,22.941340782122897
Richmond Station,53,2.2548379888268144,0.29789944134078217,22.868156424581
Richmond Station,54,2.238106145251397,0.2759553072625699,22.779329608938546
Richmond Station,55,2.2366536312849172,0.2783519553072627,22.67932960893854
Richmond Station,56,2.250284916201116,0.2694301675977652,22.643575418994413
Richmond Station,57,2.2410391061452524,0.3353519553072629,22.756983240223462
Richmond Station,58,2.2503966480446933,0.30615642458100545,22.660335195530724
Richmond Station,59,2.2436815642458106,0.3153966480446931,22.830726256983244
Richmond Station,60,2.2450782122905037,0.2985139664804468,22.923463687150843
Richmond Yard,1,2.241258823529412,0.24449411764705875,21.16823529411765
Richmond Yard,2,2.22104705882353,0.2667882352941176,20.943529411764704
Richmond Yard,3,2.22984705882353,0.2795411764705884,21.022352941176468
Richmond Yard,4,2.244411764705881,0.2908941176470589,21.00588235294118
Richmond Yard,5,2.249282352941176,0.24565882352941182,20.75529411764706
Richmond Yard,6,2.2574470588235283,0.23463529411764691,20.843529411764706
Richmond Yard,7,2.259270588235294,0.2438470588235292,20.877647058823527
Richmond Yard,8,2.2435764705882346,0.2849529411764708,21.036470588235304
Richmond Yard,9,2.2215058823529423,0.2897176470588237,21.008235294117647
Richmond Yard,10,2.250199999999999,0.2786000000000001,21.015294117647056
Richmond Yard,11,2.2583176470588238,0.24419999999999994,21.352941176470587
Richmond Yard,12,2.2243176470588244,0.31216470588235296,21.030588235294125
Richmond Yard,13,2.2450235294117644,0.26919999999999983,21.012941176470587
Richmond Yard,14,2.246011764705883,0.24217647058823522,20.912941176470582
Richmond Yard,15,2.2500235294117648,0.33178823529411766,20.818823529411763
Richmond Yard,16,2.2587411764705885,0.27099999999999996,20.809411764705878
Richmond Yard,17,2.250694117647058,0.30436470588235276,20.725882352941177
Richmond Yard,18,2.2531882352941173,0.26148235294117655,20.82117647058823
Richmond Yard,19,2.2250470588235296,0.2549176470588235,20.923529411764704
Richmond Yard,20,2.2463647058823533,0.20207058823529406,20.951764705882358
Richmond Yard,21,2.256294117647059,0.234070588235294,21.02
Richmond Yard,22,2.2471764705882347,0.2775294117647058,20.82117647058823
Richmond Yard,23,2.251023529411765,0.26449411764705866,20.585882352941187
Richmond Yard,24,2.2588352941176475,0.3126941176470587,20.62
Richmond Yard,25,2.263247058823529,0.19796470588235293,20.731764705882348
Richmond Yard,26,2.262341176470588,0.25321176470588225,20.308235294117654
Richmond Yard,27,2.251635294117647,0.24421176470588227,20.571764705882366
Richmond Yard,28,2.2487058823529407,0.2483882352941178,20.71764705882352
Richmond Yard,29,2.2444000000000015,0.2035294117647059,20.814117647058815
Richmond Yard,30,2.25855294117647,0.27145882352941175,20.895294117647055
Richmond Yard,31,2.2482470588235297,0.2289647058823529,21.062352941176474
Richmond Yard,32,2.2336117647058833,0.22031764705882365,20.92705882352941
Richmond Yard,33,2.2558235294117632,0.2622470588235296,21.020000000000003
Richmond Yard,34,2.246635294117646,0.24548235294117626,20.698823529411758
Richmond Yard,35,2.2494588235294124,0.26157647058823535,20.761176470588236
Richmond Yard,36,2.2466,0.25902352941176476,20.754117647058816
Richmond Yard,37,2.2529294117647054,0.312635294117647,20.763529411764704
Richmond Yard,38,2.2565058823529407,0.27862352941176477,20.808235294117654
Richmond Yard,39,2.231376470588235,0.2751882352941177,21.05058823529413
Richmond Yard,40,2.2498117647058833,0.21411764705882355,21.03529411764706
Richmond Yard,41,2.2548705882352946,0.24136470588235287,21.189411764705888
Richmond Yard,42,2.2311647058823536,0.25543529411764704,21.147058823529413
Richmond Yard,43,2.247988235294118,0.25082352941176456,21.103529411764704
Richmond Yard,44,2.2531058823529397,0.2964117647058825,20.845882352941175
Richmond Yard,45,2.2478941176470584,0.37799999999999995,20.77058823529411
Richmond Yard,46,2.2483294117647055,0.2522117647058823,20.59176470588235
Richmond Yard,47,2.2380588235294114,0.24305882352941177,20.690588235294122
Richmond Yard,48,2.249541176470589,0.27456470588235304,20.895294117647058
Richmond Yard,49,2.235117647058823,0.298529411764706,-20.0
Richmond Yard,50,2.2525764705882354,0.2757999999999999,21.052941176470586
Richmond Yard,51,2.2529764705882354,0.2505176470588235,20.83176470588235
Richmond Yard,52,2.2551999999999985,0.29287058823529427,20.89176470588235
Richmond Yard,53,2.2382823529411775,0.25145882352941173,20.66352941176471
Richmond Yard,54,2.250529411764706,0.2490941176470588,20.721176470588244
Richmond Yard,55,2.251882352941176,0.255470588235294,20.541176470588233
Richmond Yard,56,2.235529411764707,0.27177647058823495,20.34
Richmond Yard,57,2.2337906976744177,0.3103023255813953,20.822093023255817
Richmond Yard,58,2.248976470588235,0.2647882352941176,20.855294117647055
Richmond Yard,59,2.2308588235294113,0.27587058823529403,20.78
Richmond Yard,60,2.257952941176469,0.24818823529411765,21.10235294117647
South Hayward Station,1,2.2491129943502806,0.32028813559322056,21.245762711864398
South Hayward Station,2,2.240209039548025,0.31541242937853115,21.110169491525433
South Hayward Station,3,2.2419887005649732,0.3212824858757064,20.95762711864407
South Hayward Station,4,2.24401129943503,0.32110169491525453,20.788700564971755
South Hayward Station,5,2.204112994350284,0.3550790960451975,20.62090395480227
South Hayward Station,6,2.202254237288136,0.2877909604519772,20.5090395480226
South Hayward Station,7,2.209937853107345,0.29140112994350253,20.62372881355933
South Hayward Station,8,2.208734463276836,0.3049999999999996,20.831073446327686
South Hayward Station,9,2.2453954802259903,0.3479039548022594,21.04632768361583
South Hayward Station,10,2.23754802259887,0.31728248587570645,21.302824858757063
South Hayward Station,11,2.24527118644068,0.1981468926553675,21.36892655367232
South Hayward Station,12,2.245666666666667,0.3422429378531071,21.09039548022599
South Hayward Station,13,2.2403107344632764,0.3076779661016948,20.92203389830509
South Hayward Station,14,2.245762711864409,0.29005084745762705,20.841807909604526
South Hayward Station,15,2.2391363636363635,0.3156420454545454,20.640909090909098
South Hayward Station,16,2.230107954545456,0.09643750000000005,20.669318181818195
South Hayward Station,17,2.238084745762711,0.3232429378531078,21.235028248587575
South Hayward Station,18,2.2394576271186457,0.3201129943502829,21.174011299435033
South Hayward Station,19,2.238197740112995,0.3117853107344633,21.387570621468925
South Hayward Station,20,2.2361016949152526,0.32731638418079123,21.514124293785315
South Hayward Station,21,2.2433107344632788,0.3004293785310732,21.475706214689268
South Hayward Station,22,2.24787570621469,0.3159943502824862,21.441242937853108
South Hayward Station,23,2.2420511363636386,0.316534090909091,21.046022727272717
South Hayward Station,24,2.243443181818185,0.32742045454545493,21.128409090909102
South Hayward Station,25,2.2761129943502816,0.30538983050847457,20.588135593220347
South Hayward Station,26,2.2775141242937837,0.0971920903954803,20.45254237288135
South Hayward Station,27,2.2703898305084733,0.27845762711864397,20.659887005649733
South Hayward Station,28,2.2771242937853096,0.3146045197740115,20.84802259887006
South Hayward Station,29,2.2435084745762732,0.3376949152542377,21.259887005649716
South Hayward Station,30,2.2351129943502834,0.37549717514124276,21.575141242937853
South Hayward Station,31,2.2390511363636363,0.3224602272727278,21.472159090909084
South Hayward Station,32,2.2410340909090927,0.3276704545454549,21.291477272727278
South Hayward Station,33,2.265717514124293,0.2973898305084746,21.082485875706215
South Hayward Station,34,2.2653276836158183,0.28798305084745723,20.734463276836166
South Hayward Station,35,2.265090395480224,0.3061073446327683,20.797740112994354
South Hayward Station,36,2.2685988700564943,0.10798305084745773,20.677401129943505
South Hayward Station,37,2.268389830508474,0.28545762711864364,20.786440677966095
South Hayward Station,38,2.2665254237288144,0.2779830508474575,20.961581920903953
South Hayward Station,39,2.2793107344632766,0.29390395480225956,21.0322033898305
South Hayward Station,40,2.2765000000000004,0.3000113636363632,21.260227272727267
South Hayward Station,41,2.239084745762712,0.35129378531073413,21.680790960451972
South Hayward Station,42,2.2377570621468945,0.3076101694915252,21.53728813559322
South Hayward Station,43,2.2336723163841823,0.29220903954802263,21.34915254237289
South Hayward Station,44,2.2391751412429386,0.31067231638418086,21.262146892655377
South Hayward Station,45,2.2346892655367254,0.33820338983050874,21.0186440677966
South Hayward Station,46,2.1803672316384173,0.08691525423728817,21.185310734463286
South Hayward Station,47,2.2324886363636383,0.30395454545454553,21.102840909090915
South Hayward Station,48,2.2294318181818187,0.3036079545454546,21.28125000000001
South Hayward Station,49,2.223774011299437,0.3654406779661014,21.458757062146912
South Hayward Station,50,2.2169378531073463,0.3041468926553669,21.445197740113006
South Hayward Station,51,2.2153446327683612,0.3366158192090401,21.632768361581924
South Hayward Station,52,2.216728813559321,0.3343050847457633,21.533898305084747
South Hayward Station,53,2.260497175141242,0.30149152542372887,21.058757062146878
South Hayward Station,54,2.257790960451976,0.30553107344632746,20.768361581920903
South Hayward Station,55,2.2761534090909086,0.29201136363636326,20.793749999999996
South Hayward Station,56,2.271142045454545,0.03542045454545453,20.67556818181818
South Hayward Station,57,2.2193107344632765,0.34467796610169443,21.212994350282475
South Hayward Station,58,2.218536723163843,0.3170734463276838,21.319209039548042
South Hayward Station,59,2.217694915254238,0.3214124293785313,21.435593220338998
South Hayward Station,60,2.2081525423728827,0.3315819209039552,21.666666666666668
Walnut Creek Station,1,2.259005617977527,0.44199999999999984,21.66235955056181
Walnut Creek Station,2,2.2662584269662895,0.35381460674157234,21.412359550561792
Walnut Creek Station,3,2.2510449438202236,0.32853370786516906,21.286516853932575
Walnut Creek Station,4,2.265595505617976,0.3837303370786521,21.32584269662921
Walnut Creek Station,5,2.2644124293785293,0.32891525423728857,21.16610169491525
Walnut Creek Station,6,2.263129943502825,0.42864971751412456,21.078531073446324
Walnut Creek Station,7,2.2667457627118623,0.5098926553672319,21.288135593220343
Walnut Creek Station,8,2.2517909604519772,0.1365819209039547,21.23559322033899
Walnut Creek Station,9,2.2578876404494377,0.19866853932584289,21.455056179775287
Walnut Creek Station,10,2.2486179775280917,0.29060112359550544,21.630898876404494
Walnut Creek Station,11,2.256325842696627,0.4128258426966293,22.009550561797756
Walnut Creek Station,12,2.260370786516854,0.3323988764044947,21.660112359550553
Walnut Creek Station,13,2.2509096045197734,0.3090112994350282,21.49491525423729
Walnut Creek Station,14,2.2632711864406776,0.3024915254237287,21.35028248587572
Walnut Creek Station,15,2.2538192090395475,0.307367231638418,21.285310734463287
Walnut Creek Station,16,2.2645310734463258,0.18594350282485883,21.185310734463283
Walnut Creek Station,17,2.3221404494382005,0.11217415730337085,20.929213483146068
Walnut Creek Station,18,2.313432584269662,0.2808314606741569,21.07022471910112
Walnut Creek Station,19,2.3141242937853117,0.27763276836158174,21.361016949152557
Walnut Creek Station,20,2.321853107344633,0.302423728813559,21.471186440677965
Walnut Creek Station,21,2.2111186440677972,0.3377344632768363,21.583615819209026
Walnut Creek Station,22,2.2181242937853116,0.29510169491525373,21.62090395480225
Walnut Creek Station,23,2.2116384180790956,0.3016723163841805,21.406214689265536
Walnut Creek Station,24,2.218084745762712,0.3006327683615816,21.33785310734464
Walnut Creek Station,25,2.223162921348317,0.3060337078651685,21.106741573033712
Walnut Creek Station,26,2.2164213483146082,0.3258370786516858,21.118539325842708
Walnut Creek Station,27,2.2260674157303373,0.30875842696629224,21.271910112359556
Walnut Creek Station,28,2.214632768361581,0.30318644067796596,21.44237288135592
Walnut Creek Station,29,2.2591468926553646,0.40398305084745767,21.575706214689262
Walnut Creek Station,30,2.2488757062146902,0.3193220338983052,21.83050847457628
Walnut Creek Station,31,2.2612203389830485,0.3567514124293782,21.9231638418079
Walnut Creek Station,32,2.261474576271185,0.35797740112994336,21.57514124293785
Walnut Creek Station,33,2.2708651685393244,0.3141685393258431,21.406741573033692
Walnut Creek Station,34,2.2542865168539326,0.2759719101123599,21.316853932584262
Walnut Creek Station,35,2.2604550561797754,0.2858764044943818,21.081460674157302
Walnut Creek Station,36,2.26446629213483,0.2580449438202249,21.196629213483142
Walnut Creek Station,37,2.251067796610169,0.3375084745762715,21.332768361581913
Walnut Creek Station,38,2.253564971751413,0.3272033898305089,21.448587570621456
Walnut Creek Station,39,2.259158192090395,0.3343389830508479,21.73050847457628
Walnut Creek Station,40,2.2518587570621467,0.302864406779661,21.977966101694904
Walnut Creek Station,41,2.256415730337076,0.26590449438202257,21.617977528089884
Walnut Creek Station,42,2.2653258426966274,0.32557865168539374,21.413483146067406
Walnut Creek Station,43,2.2559774011299427,0.31106779661016937,21.244067796610185
Walnut Creek Station,44,2.2518983050847448,0.33501694915254254,21.145197740113005
Walnut Creek Station,45,2.266423728813557,0.3605084745762708,21.399435028248593
Walnut Creek Station,46,2.2585028248587555,0.1746666666666666,21.41016949152543
Walnut Creek Station,47,2.2518305084745758,0.28417514124293747,21.49548022598871
Walnut Creek Station,48,2.2634011299435026,0.31003954802259903,21.570621468926564
Walnut Creek Station,49,2.2681292134831446,0.22152247191011226,21.60168539325844
Walnut Creek Station,50,2.256387640449437,0.22748876404494378,21.585393258426972
Walnut Creek Station,51,2.2605337078651653,0.27766292134831494,21.594382022471915
Walnut Creek Station,52,2.262723163841806,0.43215254237288137,21.362146892655364
Walnut Creek Station,53,2.256463276836158,0.3138813559322034,21.525988700564977
Walnut Creek Station,54,2.259711864406779,0.28889265536723113,21.53446327683616
Walnut Creek Station,55,2.2601016949152535,0.28929943502824806,21.614689265536725
Walnut Creek Station,56,2.262446327683614,0.4700451977401125,21.548022598870055
Walnut Creek Station,57,2.2527454545454546,0.33348181818181816,19.232727272727278
Walnut Creek Station,58,2.2705090909090897,0.30449090909090887,19.125454545454538
Walnut Creek Station,59,2.2709082568807317,0.2980091743119266,19.30733944954129
Walnut Creek Station,60,2.2647155963302747,0.2783211009174312,19.349541284403667
